非线性模式,省份数量,样本占比,95%CI下限,95%CI上限
U 型模式,11,0.36666666666666664,0.21873702204017678,0.5448675356639506
倒 U 型模式,15,0.5,0.33153851227173764,0.6684614877282624
弱相关模式,4,0.13333333333333333,0.05309569424218104,0.2968168394441695
